{
    "packages": [
        {
            "name": "doctrine/lexer",
            "version": "3.0.1",
            "version_normalized": "3.0.1.0",
            "source": {
                "type": "git",
                "url": "https://github.com/doctrine/lexer.git",
                "reference": "31ad66abc0fc9e1a1f2d9bc6a42668d2fbbcd6dd"
            },
            "dist": {
                "type": "zip",
                "url": "https://api.github.com/repos/doctrine/lexer/zipball/31ad66abc0fc9e1a1f2d9bc6a42668d2fbbcd6dd",
                "reference": "31ad66abc0fc9e1a1f2d9bc6a42668d2fbbcd6dd",
                "shasum": ""
            },
            "require": {
                "php": "^8.1"
            },
            "require-dev": {
                "doctrine/coding-standard": "^12",
                "phpstan/phpstan": "^1.10",
                "phpunit/phpunit": "^10.5",
                "psalm/plugin-phpunit": "^0.18.3",
                "vimeo/psalm": "^5.21"
            },
            "time": "2024-02-05T11:56:58+00:00",
            "type": "library",
            "installation-source": "dist",
            "autoload": {
                "psr-4": {
                    "Doctrine\\Common\\Lexer\\": "src"
                }
            },
            "notification-url": "https://packagist.org/downloads/",
            "license": [
                "MIT"
            ],
            "authors": [
                {
                    "name": "Guilherme Blanco",
                    "email": "guilhermeblanco@gmail.com"
                },
                {
                    "name": "Roman Borschel",
                    "email": "roman@code-factory.org"
                },
                {
                    "name": "Johannes Schmitt",
                    "email": "schmittjoh@gmail.com"
                }
            ],
            "description": "PHP Doctrine Lexer parser library that can be used in Top-Down, Recursive Descent Parsers.",
            "homepage": "https://www.doctrine-project.org/projects/lexer.html",
            "keywords": [
                "annotations",
                "docblock",
                "lexer",
                "parser",
                "php"
            ],
            "support": {
                "issues": "https://github.com/doctrine/lexer/issues",
                "source": "https://github.com/doctrine/lexer/tree/3.0.1"
            },
            "funding": [
                {
                    "url": "https://www.doctrine-project.org/sponsorship.html",
                    "type": "custom"
                },
                {
                    "url": "https://www.patreon.com/phpdoctrine",
                    "type": "patreon"
                },
                {
                    "url": "https://tidelift.com/funding/github/packagist/doctrine%2Flexer",
                    "type": "tidelift"
                }
            ],
            "install-path": "../doctrine/lexer"
        },
        {
            "name": "egulias/email-validator",
            "version": "4.0.4",
            "version_normalized": "4.0.4.0",
            "source": {
                "type": "git",
                "url": "https://github.com/egulias/EmailValidator.git",
                "reference": "d42c8731f0624ad6bdc8d3e5e9a4524f68801cfa"
            },
            "dist": {
                "type": "zip",
                "url": "https://api.github.com/repos/egulias/EmailValidator/zipball/d42c8731f0624ad6bdc8d3e5e9a4524f68801cfa",
                "reference": "d42c8731f0624ad6bdc8d3e5e9a4524f68801cfa",
                "shasum": ""
            },
            "require": {
                "doctrine/lexer": "^2.0 || ^3.0",
                "php": ">=8.1",
                "symfony/polyfill-intl-idn": "^1.26"
            },
            "require-dev": {
                "phpunit/phpunit": "^10.2",
                "vimeo/psalm": "^5.12"
            },
            "suggest": {
                "ext-intl": "PHP Internationalization Libraries are required to use the SpoofChecking validation"
            },
            "time": "2025-03-06T22:45:56+00:00",
            "type": "library",
            "extra": {
                "branch-alias": {
                    "dev-master": "4.0.x-dev"
                }
            },
            "installation-source": "dist",
            "autoload": {
                "psr-4": {
                    "Egulias\\EmailValidator\\": "src"
                }
            },
            "notification-url": "https://packagist.org/downloads/",
            "license": [
                "MIT"
            ],
            "authors": [
                {
                    "name": "Eduardo Gulias Davis"
                }
            ],
            "description": "A library for validating emails against several RFCs",
            "homepage": "https://github.com/egulias/EmailValidator",
            "keywords": [
                "email",
                "emailvalidation",
                "emailvalidator",
                "validation",
                "validator"
            ],
            "support": {
                "issues": "https://github.com/egulias/EmailValidator/issues",
                "source": "https://github.com/egulias/EmailValidator/tree/4.0.4"
            },
            "funding": [
                {
                    "url": "https://github.com/egulias",
                    "type": "github"
                }
            ],
            "install-path": "../egulias/email-validator"
        },
        {
            "name": "psr/container",
            "version": "2.0.2",
            "version_normalized": "2.0.2.0",
            "source": {
                "type": "git",
                "url": "https://github.com/php-fig/container.git",
                "reference": "c71ecc56dfe541dbd90c5360474fbc405f8d5963"
            },
            "dist": {
                "type": "zip",
                "url": "https://api.github.com/repos/php-fig/container/zipball/c71ecc56dfe541dbd90c5360474fbc405f8d5963",
                "reference": "c71ecc56dfe541dbd90c5360474fbc405f8d5963",
                "shasum": ""
            },
            "require": {
                "php": ">=7.4.0"
            },
            "time": "2021-11-05T16:47:00+00:00",
            "type": "library",
            "extra": {
                "branch-alias": {
                    "dev-master": "2.0.x-dev"
                }
            },
            "installation-source": "dist",
            "autoload": {
                "psr-4": {
                    "Psr\\Container\\": "src/"
                }
            },
            "notification-url": "https://packagist.org/downloads/",
            "license": [
                "MIT"
            ],
            "authors": [
                {
                    "name": "PHP-FIG",
                    "homepage": "https://www.php-fig.org/"
                }
            ],
            "description": "Common Container Interface (PHP FIG PSR-11)",
            "homepage": "https://github.com/php-fig/container",
            "keywords": [
                "PSR-11",
                "container",
                "container-interface",
                "container-interop",
                "psr"
            ],
            "support": {
                "issues": "https://github.com/php-fig/container/issues",
                "source": "https://github.com/php-fig/container/tree/2.0.2"
            },
            "install-path": "../psr/container"
        },
        {
            "name": "psr/event-dispatcher",
            "version": "1.0.0",
            "version_normalized": "1.0.0.0",
            "source": {
                "type": "git",
                "url": "https://github.com/php-fig/event-dispatcher.git",
                "reference": "dbefd12671e8a14ec7f180cab83036ed26714bb0"
            },
            "dist": {
                "type": "zip",
                "url": "https://api.github.com/repos/php-fig/event-dispatcher/zipball/dbefd12671e8a14ec7f180cab83036ed26714bb0",
                "reference": "dbefd12671e8a14ec7f180cab83036ed26714bb0",
                "shasum": ""
            },
            "require": {
                "php": ">=7.2.0"
            },
            "time": "2019-01-08T18:20:26+00:00",
            "type": "library",
            "extra": {
                "branch-alias": {
                    "dev-master": "1.0.x-dev"
                }
            },
            "installation-source": "dist",
            "autoload": {
                "psr-4": {
                    "Psr\\EventDispatcher\\": "src/"
                }
            },
            "notification-url": "https://packagist.org/downloads/",
            "license": [
                "MIT"
            ],
            "authors": [
                {
                    "name": "PHP-FIG",
                    "homepage": "http://www.php-fig.org/"
                }
            ],
            "description": "Standard interfaces for event handling.",
            "keywords": [
                "events",
                "psr",
                "psr-14"
            ],
            "support": {
                "issues": "https://github.com/php-fig/event-dispatcher/issues",
                "source": "https://github.com/php-fig/event-dispatcher/tree/1.0.0"
            },
            "install-path": "../psr/event-dispatcher"
        },
        {
            "name": "psr/log",
            "version": "3.0.2",
            "version_normalized": "3.0.2.0",
            "source": {
                "type": "git",
                "url": "https://github.com/php-fig/log.git",
                "reference": "f16e1d5863e37f8d8c2a01719f5b34baa2b714d3"
            },
            "dist": {
                "type": "zip",
                "url": "https://api.github.com/repos/php-fig/log/zipball/f16e1d5863e37f8d8c2a01719f5b34baa2b714d3",
                "reference": "f16e1d5863e37f8d8c2a01719f5b34baa2b714d3",
                "shasum": ""
            },
            "require": {
                "php": ">=8.0.0"
            },
            "time": "2024-09-11T13:17:53+00:00",
            "type": "library",
            "extra": {
                "branch-alias": {
                    "dev-master": "3.x-dev"
                }
            },
            "installation-source": "dist",
            "autoload": {
                "psr-4": {
                    "Psr\\Log\\": "src"
                }
            },
            "notification-url": "https://packagist.org/downloads/",
            "license": [
                "MIT"
            ],
            "authors": [
                {
                    "name": "PHP-FIG",
                    "homepage": "https://www.php-fig.org/"
                }
            ],
            "description": "Common interface for logging libraries",
            "homepage": "https://github.com/php-fig/log",
            "keywords": [
                "log",
                "psr",
                "psr-3"
            ],
            "support": {
                "source": "https://github.com/php-fig/log/tree/3.0.2"
            },
            "install-path": "../psr/log"
        },
        {
            "name": "symfony/deprecation-contracts",
            "version": "v3.6.0",
            "version_normalized": "3.6.0.0",
            "source": {
                "type": "git",
                "url": "https://github.com/symfony/deprecation-contracts.git",
                "reference": "63afe740e99a13ba87ec199bb07bbdee937a5b62"
            },
            "dist": {
                "type": "zip",
                "url": "https://api.github.com/repos/symfony/deprecation-contracts/zipball/63afe740e99a13ba87ec199bb07bbdee937a5b62",
                "reference": "63afe740e99a13ba87ec199bb07bbdee937a5b62",
                "shasum": ""
            },
            "require": {
                "php": ">=8.1"
            },
            "time": "2024-09-25T14:21:43+00:00",
            "type": "library",
            "extra": {
                "thanks": {
                    "url": "https://github.com/symfony/contracts",
                    "name": "symfony/contracts"
                },
                "branch-alias": {
                    "dev-main": "3.6-dev"
                }
            },
            "installation-source": "dist",
            "autoload": {
                "files": [
                    "function.php"
                ]
            },
            "notification-url": "https://packagist.org/downloads/",
            "license": [
                "MIT"
            ],
            "authors": [
                {
                    "name": "Nicolas Grekas",
                    "email": "p@tchwork.com"
                },
                {
                    "name": "Symfony Community",
                    "homepage": "https://symfony.com/contributors"
                }
            ],
            "description": "A generic function and convention to trigger deprecation notices",
            "homepage": "https://symfony.com",
            "support": {
                "source": "https://github.com/symfony/deprecation-contracts/tree/v3.6.0"
            },
            "funding": [
                {
                    "url": "https://symfony.com/sponsor",
                    "type": "custom"
                },
                {
                    "url": "https://github.com/fabpot",
                    "type": "github"
                },
                {
                    "url": "https://tidelift.com/funding/github/packagist/symfony/symfony",
                    "type": "tidelift"
                }
            ],
            "install-path": "../symfony/deprecation-contracts"
        },
        {
            "name": "symfony/event-dispatcher",
            "version": "v8.0.0",
            "version_normalized": "8.0.0.0",
            "source": {
                "type": "git",
                "url": "https://github.com/symfony/event-dispatcher.git",
                "reference": "573f95783a2ec6e38752979db139f09fec033f03"
            },
            "dist": {
                "type": "zip",
                "url": "https://api.github.com/repos/symfony/event-dispatcher/zipball/573f95783a2ec6e38752979db139f09fec033f03",
                "reference": "573f95783a2ec6e38752979db139f09fec033f03",
                "shasum": ""
            },
            "require": {
                "php": ">=8.4",
                "symfony/event-dispatcher-contracts": "^2.5|^3"
            },
            "conflict": {
                "symfony/security-http": "<7.4",
                "symfony/service-contracts": "<2.5"
            },
            "provide": {
                "psr/event-dispatcher-implementation": "1.0",
                "symfony/event-dispatcher-implementation": "2.0|3.0"
            },
            "require-dev": {
                "psr/log": "^1|^2|^3",
                "symfony/config": "^7.4|^8.0",
                "symfony/dependency-injection": "^7.4|^8.0",
                "symfony/error-handler": "^7.4|^8.0",
                "symfony/expression-language": "^7.4|^8.0",
                "symfony/framework-bundle": "^7.4|^8.0",
                "symfony/http-foundation": "^7.4|^8.0",
                "symfony/service-contracts": "^2.5|^3",
                "symfony/stopwatch": "^7.4|^8.0"
            },
            "time": "2025-10-30T14:17:19+00:00",
            "type": "library",
            "installation-source": "dist",
            "autoload": {
                "psr-4": {
                    "Symfony\\Component\\EventDispatcher\\": ""
                },
                "exclude-from-classmap": [
                    "/Tests/"
                ]
            },
            "notification-url": "https://packagist.org/downloads/",
            "license": [
                "MIT"
            ],
            "authors": [
                {
                    "name": "Fabien Potencier",
                    "email": "fabien@symfony.com"
                },
                {
                    "name": "Symfony Community",
                    "homepage": "https://symfony.com/contributors"
                }
            ],
            "description": "Provides tools that allow your application components to communicate with each other by dispatching events and listening to them",
            "homepage": "https://symfony.com",
            "support": {
                "source": "https://github.com/symfony/event-dispatcher/tree/v8.0.0"
            },
            "funding": [
                {
                    "url": "https://symfony.com/sponsor",
                    "type": "custom"
                },
                {
                    "url": "https://github.com/fabpot",
                    "type": "github"
                },
                {
                    "url": "https://github.com/nicolas-grekas",
                    "type": "github"
                },
                {
                    "url": "https://tidelift.com/funding/github/packagist/symfony/symfony",
                    "type": "tidelift"
                }
            ],
            "install-path": "../symfony/event-dispatcher"
        },
        {
            "name": "symfony/event-dispatcher-contracts",
            "version": "v3.6.0",
            "version_normalized": "3.6.0.0",
            "source": {
                "type": "git",
                "url": "https://github.com/symfony/event-dispatcher-contracts.git",
                "reference": "59eb412e93815df44f05f342958efa9f46b1e586"
            },
            "dist": {
                "type": "zip",
                "url": "https://api.github.com/repos/symfony/event-dispatcher-contracts/zipball/59eb412e93815df44f05f342958efa9f46b1e586",
                "reference": "59eb412e93815df44f05f342958efa9f46b1e586",
                "shasum": ""
            },
            "require": {
                "php": ">=8.1",
                "psr/event-dispatcher": "^1"
            },
            "time": "2024-09-25T14:21:43+00:00",
            "type": "library",
            "extra": {
                "thanks": {
                    "url": "https://github.com/symfony/contracts",
                    "name": "symfony/contracts"
                },
                "branch-alias": {
                    "dev-main": "3.6-dev"
                }
            },
            "installation-source": "dist",
            "autoload": {
                "psr-4": {
                    "Symfony\\Contracts\\EventDispatcher\\": ""
                }
            },
            "notification-url": "https://packagist.org/downloads/",
            "license": [
                "MIT"
            ],
            "authors": [
                {
                    "name": "Nicolas Grekas",
                    "email": "p@tchwork.com"
                },
                {
                    "name": "Symfony Community",
                    "homepage": "https://symfony.com/contributors"
                }
            ],
            "description": "Generic abstractions related to dispatching event",
            "homepage": "https://symfony.com",
            "keywords": [
                "abstractions",
                "contracts",
                "decoupling",
                "interfaces",
                "interoperability",
                "standards"
            ],
            "support": {
                "source": "https://github.com/symfony/event-dispatcher-contracts/tree/v3.6.0"
            },
            "funding": [
                {
                    "url": "https://symfony.com/sponsor",
                    "type": "custom"
                },
                {
                    "url": "https://github.com/fabpot",
                    "type": "github"
                },
                {
                    "url": "https://tidelift.com/funding/github/packagist/symfony/symfony",
                    "type": "tidelift"
                }
            ],
            "install-path": "../symfony/event-dispatcher-contracts"
        },
        {
            "name": "symfony/mailer",
            "version": "v8.0.0",
            "version_normalized": "8.0.0.0",
            "source": {
                "type": "git",
                "url": "https://github.com/symfony/mailer.git",
                "reference": "f9b546f0e28cbd08fd5d03f2472aad913a9398f9"
            },
            "dist": {
                "type": "zip",
                "url": "https://api.github.com/repos/symfony/mailer/zipball/f9b546f0e28cbd08fd5d03f2472aad913a9398f9",
                "reference": "f9b546f0e28cbd08fd5d03f2472aad913a9398f9",
                "shasum": ""
            },
            "require": {
                "egulias/email-validator": "^2.1.10|^3|^4",
                "php": ">=8.4",
                "psr/event-dispatcher": "^1",
                "psr/log": "^1|^2|^3",
                "symfony/event-dispatcher": "^7.4|^8.0",
                "symfony/mime": "^7.4|^8.0",
                "symfony/service-contracts": "^2.5|^3"
            },
            "conflict": {
                "symfony/http-client-contracts": "<2.5"
            },
            "require-dev": {
                "symfony/console": "^7.4|^8.0",
                "symfony/http-client": "^7.4|^8.0",
                "symfony/messenger": "^7.4|^8.0",
                "symfony/twig-bridge": "^7.4|^8.0"
            },
            "time": "2025-11-27T08:09:45+00:00",
            "type": "library",
            "installation-source": "dist",
            "autoload": {
                "psr-4": {
                    "Symfony\\Component\\Mailer\\": ""
                },
                "exclude-from-classmap": [
                    "/Tests/"
                ]
            },
            "notification-url": "https://packagist.org/downloads/",
            "license": [
                "MIT"
            ],
            "authors": [
                {
                    "name": "Fabien Potencier",
                    "email": "fabien@symfony.com"
                },
                {
                    "name": "Symfony Community",
                    "homepage": "https://symfony.com/contributors"
                }
            ],
            "description": "Helps sending emails",
            "homepage": "https://symfony.com",
            "support": {
                "source": "https://github.com/symfony/mailer/tree/v8.0.0"
            },
            "funding": [
                {
                    "url": "https://symfony.com/sponsor",
                    "type": "custom"
                },
                {
                    "url": "https://github.com/fabpot",
                    "type": "github"
                },
                {
                    "url": "https://github.com/nicolas-grekas",
                    "type": "github"
                },
                {
                    "url": "https://tidelift.com/funding/github/packagist/symfony/symfony",
                    "type": "tidelift"
                }
            ],
            "install-path": "../symfony/mailer"
        },
        {
            "name": "symfony/mime",
            "version": "v8.0.0",
            "version_normalized": "8.0.0.0",
            "source": {
                "type": "git",
                "url": "https://github.com/symfony/mime.git",
                "reference": "7576ce3b2b4d3a2a7fe7020a07a392065d6ffd40"
            },
            "dist": {
                "type": "zip",
                "url": "https://api.github.com/repos/symfony/mime/zipball/7576ce3b2b4d3a2a7fe7020a07a392065d6ffd40",
                "reference": "7576ce3b2b4d3a2a7fe7020a07a392065d6ffd40",
                "shasum": ""
            },
            "require": {
                "php": ">=8.4",
                "symfony/polyfill-intl-idn": "^1.10",
                "symfony/polyfill-mbstring": "^1.0"
            },
            "conflict": {
                "egulias/email-validator": "~3.0.0",
                "phpdocumentor/reflection-docblock": "<3.2.2",
                "phpdocumentor/type-resolver": "<1.4.0"
            },
            "require-dev": {
                "egulias/email-validator": "^2.1.10|^3.1|^4",
                "league/html-to-markdown": "^5.0",
                "phpdocumentor/reflection-docblock": "^3.0|^4.0|^5.0",
                "symfony/dependency-injection": "^7.4|^8.0",
                "symfony/process": "^7.4|^8.0",
                "symfony/property-access": "^7.4|^8.0",
                "symfony/property-info": "^7.4|^8.0",
                "symfony/serializer": "^7.4|^8.0"
            },
            "time": "2025-11-16T10:17:21+00:00",
            "type": "library",
            "installation-source": "dist",
            "autoload": {
                "psr-4": {
                    "Symfony\\Component\\Mime\\": ""
                },
                "exclude-from-classmap": [
                    "/Tests/"
                ]
            },
            "notification-url": "https://packagist.org/downloads/",
            "license": [
                "MIT"
            ],
            "authors": [
                {
                    "name": "Fabien Potencier",
                    "email": "fabien@symfony.com"
                },
                {
                    "name": "Symfony Community",
                    "homepage": "https://symfony.com/contributors"
                }
            ],
            "description": "Allows manipulating MIME messages",
            "homepage": "https://symfony.com",
            "keywords": [
                "mime",
                "mime-type"
            ],
            "support": {
                "source": "https://github.com/symfony/mime/tree/v8.0.0"
            },
            "funding": [
                {
                    "url": "https://symfony.com/sponsor",
                    "type": "custom"
                },
                {
                    "url": "https://github.com/fabpot",
                    "type": "github"
                },
                {
                    "url": "https://github.com/nicolas-grekas",
                    "type": "github"
                },
                {
                    "url": "https://tidelift.com/funding/github/packagist/symfony/symfony",
                    "type": "tidelift"
                }
            ],
            "install-path": "../symfony/mime"
        },
        {
            "name": "symfony/polyfill-intl-idn",
            "version": "v1.33.0",
            "version_normalized": "1.33.0.0",
            "source": {
                "type": "git",
                "url": "https://github.com/symfony/polyfill-intl-idn.git",
                "reference": "9614ac4d8061dc257ecc64cba1b140873dce8ad3"
            },
            "dist": {
                "type": "zip",
                "url": "https://api.github.com/repos/symfony/polyfill-intl-idn/zipball/9614ac4d8061dc257ecc64cba1b140873dce8ad3",
                "reference": "9614ac4d8061dc257ecc64cba1b140873dce8ad3",
                "shasum": ""
            },
            "require": {
                "php": ">=7.2",
                "symfony/polyfill-intl-normalizer": "^1.10"
            },
            "suggest": {
                "ext-intl": "For best performance"
            },
            "time": "2024-09-10T14:38:51+00:00",
            "type": "library",
            "extra": {
                "thanks": {
                    "url": "https://github.com/symfony/polyfill",
                    "name": "symfony/polyfill"
                }
            },
            "installation-source": "dist",
            "autoload": {
                "files": [
                    "bootstrap.php"
                ],
                "psr-4": {
                    "Symfony\\Polyfill\\Intl\\Idn\\": ""
                }
            },
            "notification-url": "https://packagist.org/downloads/",
            "license": [
                "MIT"
            ],
            "authors": [
                {
                    "name": "Laurent Bassin",
                    "email": "laurent@bassin.info"
                },
                {
                    "name": "Trevor Rowbotham",
                    "email": "trevor.rowbotham@pm.me"
                },
                {
                    "name": "Symfony Community",
                    "homepage": "https://symfony.com/contributors"
                }
            ],
            "description": "Symfony polyfill for intl's idn_to_ascii and idn_to_utf8 functions",
            "homepage": "https://symfony.com",
            "keywords": [
                "compatibility",
                "idn",
                "intl",
                "polyfill",
                "portable",
                "shim"
            ],
            "support": {
                "source": "https://github.com/symfony/polyfill-intl-idn/tree/v1.33.0"
            },
            "funding": [
                {
                    "url": "https://symfony.com/sponsor",
                    "type": "custom"
                },
                {
                    "url": "https://github.com/fabpot",
                    "type": "github"
                },
                {
                    "url": "https://github.com/nicolas-grekas",
                    "type": "github"
                },
                {
                    "url": "https://tidelift.com/funding/github/packagist/symfony/symfony",
                    "type": "tidelift"
                }
            ],
            "install-path": "../symfony/polyfill-intl-idn"
        },
        {
            "name": "symfony/polyfill-intl-normalizer",
            "version": "v1.33.0",
            "version_normalized": "1.33.0.0",
            "source": {
                "type": "git",
                "url": "https://github.com/symfony/polyfill-intl-normalizer.git",
                "reference": "3833d7255cc303546435cb650316bff708a1c75c"
            },
            "dist": {
                "type": "zip",
                "url": "https://api.github.com/repos/symfony/polyfill-intl-normalizer/zipball/3833d7255cc303546435cb650316bff708a1c75c",
                "reference": "3833d7255cc303546435cb650316bff708a1c75c",
                "shasum": ""
            },
            "require": {
                "php": ">=7.2"
            },
            "suggest": {
                "ext-intl": "For best performance"
            },
            "time": "2024-09-09T11:45:10+00:00",
            "type": "library",
            "extra": {
                "thanks": {
                    "url": "https://github.com/symfony/polyfill",
                    "name": "symfony/polyfill"
                }
            },
            "installation-source": "dist",
            "autoload": {
                "files": [
                    "bootstrap.php"
                ],
                "psr-4": {
                    "Symfony\\Polyfill\\Intl\\Normalizer\\": ""
                },
                "classmap": [
                    "Resources/stubs"
                ]
            },
            "notification-url": "https://packagist.org/downloads/",
            "license": [
                "MIT"
            ],
            "authors": [
                {
                    "name": "Nicolas Grekas",
                    "email": "p@tchwork.com"
                },
                {
                    "name": "Symfony Community",
                    "homepage": "https://symfony.com/contributors"
                }
            ],
            "description": "Symfony polyfill for intl's Normalizer class and related functions",
            "homepage": "https://symfony.com",
            "keywords": [
                "compatibility",
                "intl",
                "normalizer",
                "polyfill",
                "portable",
                "shim"
            ],
            "support": {
                "source": "https://github.com/symfony/polyfill-intl-normalizer/tree/v1.33.0"
            },
            "funding": [
                {
                    "url": "https://symfony.com/sponsor",
                    "type": "custom"
                },
                {
                    "url": "https://github.com/fabpot",
                    "type": "github"
                },
                {
                    "url": "https://github.com/nicolas-grekas",
                    "type": "github"
                },
                {
                    "url": "https://tidelift.com/funding/github/packagist/symfony/symfony",
                    "type": "tidelift"
                }
            ],
            "install-path": "../symfony/polyfill-intl-normalizer"
        },
        {
            "name": "symfony/polyfill-mbstring",
            "version": "v1.33.0",
            "version_normalized": "1.33.0.0",
            "source": {
                "type": "git",
                "url": "https://github.com/symfony/polyfill-mbstring.git",
                "reference": "6d857f4d76bd4b343eac26d6b539585d2bc56493"
            },
            "dist": {
                "type": "zip",
                "url": "https://api.github.com/repos/symfony/polyfill-mbstring/zipball/6d857f4d76bd4b343eac26d6b539585d2bc56493",
                "reference": "6d857f4d76bd4b343eac26d6b539585d2bc56493",
                "shasum": ""
            },
            "require": {
                "ext-iconv": "*",
                "php": ">=7.2"
            },
            "provide": {
                "ext-mbstring": "*"
            },
            "suggest": {
                "ext-mbstring": "For best performance"
            },
            "time": "2024-12-23T08:48:59+00:00",
            "type": "library",
            "extra": {
                "thanks": {
                    "url": "https://github.com/symfony/polyfill",
                    "name": "symfony/polyfill"
                }
            },
            "installation-source": "dist",
            "autoload": {
                "files": [
                    "bootstrap.php"
                ],
                "psr-4": {
                    "Symfony\\Polyfill\\Mbstring\\": ""
                }
            },
            "notification-url": "https://packagist.org/downloads/",
            "license": [
                "MIT"
            ],
            "authors": [
                {
                    "name": "Nicolas Grekas",
                    "email": "p@tchwork.com"
                },
                {
                    "name": "Symfony Community",
                    "homepage": "https://symfony.com/contributors"
                }
            ],
            "description": "Symfony polyfill for the Mbstring extension",
            "homepage": "https://symfony.com",
            "keywords": [
                "compatibility",
                "mbstring",
                "polyfill",
                "portable",
                "shim"
            ],
            "support": {
                "source": "https://github.com/symfony/polyfill-mbstring/tree/v1.33.0"
            },
            "funding": [
                {
                    "url": "https://symfony.com/sponsor",
                    "type": "custom"
                },
                {
                    "url": "https://github.com/fabpot",
                    "type": "github"
                },
                {
                    "url": "https://github.com/nicolas-grekas",
                    "type": "github"
                },
                {
                    "url": "https://tidelift.com/funding/github/packagist/symfony/symfony",
                    "type": "tidelift"
                }
            ],
            "install-path": "../symfony/polyfill-mbstring"
        },
        {
            "name": "symfony/service-contracts",
            "version": "v3.6.1",
            "version_normalized": "3.6.1.0",
            "source": {
                "type": "git",
                "url": "https://github.com/symfony/service-contracts.git",
                "reference": "45112560a3ba2d715666a509a0bc9521d10b6c43"
            },
            "dist": {
                "type": "zip",
                "url": "https://api.github.com/repos/symfony/service-contracts/zipball/45112560a3ba2d715666a509a0bc9521d10b6c43",
                "reference": "45112560a3ba2d715666a509a0bc9521d10b6c43",
                "shasum": ""
            },
            "require": {
                "php": ">=8.1",
                "psr/container": "^1.1|^2.0",
                "symfony/deprecation-contracts": "^2.5|^3"
            },
            "conflict": {
                "ext-psr": "<1.1|>=2"
            },
            "time": "2025-07-15T11:30:57+00:00",
            "type": "library",
            "extra": {
                "thanks": {
                    "url": "https://github.com/symfony/contracts",
                    "name": "symfony/contracts"
                },
                "branch-alias": {
                    "dev-main": "3.6-dev"
                }
            },
            "installation-source": "dist",
            "autoload": {
                "psr-4": {
                    "Symfony\\Contracts\\Service\\": ""
                },
                "exclude-from-classmap": [
                    "/Test/"
                ]
            },
            "notification-url": "https://packagist.org/downloads/",
            "license": [
                "MIT"
            ],
            "authors": [
                {
                    "name": "Nicolas Grekas",
                    "email": "p@tchwork.com"
                },
                {
                    "name": "Symfony Community",
                    "homepage": "https://symfony.com/contributors"
                }
            ],
            "description": "Generic abstractions related to writing services",
            "homepage": "https://symfony.com",
            "keywords": [
                "abstractions",
                "contracts",
                "decoupling",
                "interfaces",
                "interoperability",
                "standards"
            ],
            "support": {
                "source": "https://github.com/symfony/service-contracts/tree/v3.6.1"
            },
            "funding": [
                {
                    "url": "https://symfony.com/sponsor",
                    "type": "custom"
                },
                {
                    "url": "https://github.com/fabpot",
                    "type": "github"
                },
                {
                    "url": "https://github.com/nicolas-grekas",
                    "type": "github"
                },
                {
                    "url": "https://tidelift.com/funding/github/packagist/symfony/symfony",
                    "type": "tidelift"
                }
            ],
            "install-path": "../symfony/service-contracts"
        }
    ],
    "dev": true,
    "dev-package-names": []
}
